{
  "rouge1": 0.36833748112009757,
  "rouge2": 0.1572332848767101,
  "rougeL": 0.2669903418387027,
  "n": 120,
  "model": "sshleifer/distilbart-cnn-6-6"
}